Workbook

Sheet Dashboard
A1: XYTheta Pen Plotter Project Dashboard
A2: Schedule baseline: 2026-06-01 through 2026-12-29. Change dates and statuses on the Gantt sheet.
A4: TOTAL TASKS | D4: COMPLETE | G4: IN PROGRESS | J4: BLOCKED
A5: =COUNTA(Gantt!$A$7:$A$55) -> 49 | D5: =COUNTIF(Gantt!$E$7:$E$55,"Complete") -> 1 | G5: =COUNTIF(Gantt!$E$7:$E$55,"In Progress") -> 0 | J5: =COUNTIF(Gantt!$E$7:$E$55,"Blocked") -> 0
A7: Phase | B7: Tasks | C7: Complete | D7: Average Progress
A8: Phase 0 - Repository | B8: =COUNTIF(Gantt!$B$7:$B$55,A8) -> 1 | C8: =COUNTIFS(Gantt!$B$7:$B$55,A8,Gantt!$E$7:$E$55,"Complete") -> 1 | D8: =IFERROR(AVERAGEIF(Gantt!$B$7:$B$55,A8,Gantt!$J$7:$J$55),0) -> 1
A9: Phase 1 - Electrical | B9: =COUNTIF(Gantt!$B$7:$B$55,A9) -> 12 | C9: =COUNTIFS(Gantt!$B$7:$B$55,A9,Gantt!$E$7:$E$55,"Complete") -> 0 | D9: =IFERROR(AVERAGEIF(Gantt!$B$7:$B$55,A9,Gantt!$J$7:$J$55),0) -> 0
A10: Phase 2 - Controller | B10: =COUNTIF(Gantt!$B$7:$B$55,A10) -> 6 | C10: =COUNTIFS(Gantt!$B$7:$B$55,A10,Gantt!$E$7:$E$55,"Complete") -> 0 | D10: =IFERROR(AVERAGEIF(Gantt!$B$7:$B$55,A10,Gantt!$J$7:$J$55),0) -> 0
A11: Phase 3 - Single Axis | B11: =COUNTIF(Gantt!$B$7:$B$55,A11) -> 5 | C11: =COUNTIFS(Gantt!$B$7:$B$55,A11,Gantt!$E$7:$E$55,"Complete") -> 0 | D11: =IFERROR(AVERAGEIF(Gantt!$B$7:$B$55,A11,Gantt!$J$7:$J$55),0) -> 0
A12: Phase 4 - Three Axis | B12: =COUNTIF(Gantt!$B$7:$B$55,A12) -> 6 | C12: =COUNTIFS(Gantt!$B$7:$B$55,A12,Gantt!$E$7:$E$55,"Complete") -> 0 | D12: =IFERROR(AVERAGEIF(Gantt!$B$7:$B$55,A12,Gantt!$J$7:$J$55),0) -> 0
A13: Phase 5 - Toolhead | B13: =COUNTIF(Gantt!$B$7:$B$55,A13) -> 8 | C13: =COUNTIFS(Gantt!$B$7:$B$55,A13,Gantt!$E$7:$E$55,"Complete") -> 0 | D13: =IFERROR(AVERAGEIF(Gantt!$B$7:$B$55,A13,Gantt!$J$7:$J$55),0) -> 0
A14: Phase 6 - Integration | B14: =COUNTIF(Gantt!$B$7:$B$55,A14) -> 5 | C14: =COUNTIFS(Gantt!$B$7:$B$55,A14,Gantt!$E$7:$E$55,"Complete") -> 0 | D14: =IFERROR(AVERAGEIF(Gantt!$B$7:$B$55,A14,Gantt!$J$7:$J$55),0) -> 0
A15: Phase 7 - Validation | B15: =COUNTIF(Gantt!$B$7:$B$55,A15) -> 6 | C15: =COUNTIFS(Gantt!$B$7:$B$55,A15,Gantt!$E$7:$E$55,"Complete") -> 0 | D15: =IFERROR(AVERAGEIF(Gantt!$B$7:$B$55,A15,Gantt!$J$7:$J$55),0) -> 0
A18: Current Focus
A19: Complete the Phase 1 bench worksheet before connecting motors or the toolhead to RP23CNC. Record evidence in lab notes, then update ROADMAP.md and this workbook together.
A24: Status Legend
A25: Not Started | B25: In Progress | C25: Blocked | D25: Complete

Sheet Gantt
A1: Theta Pen Plotter Project Gantt
A2: Editable schedule generated from docs/project/ROADMAP.md. Update task inputs, then keep roadmap evidence/checklists authoritative.
A3: Edit columns D-H, J-M. End dates and summaries are formula-driven. Timeline bars update from Start, End, and Status.
A6: ID | B6: Phase | C6: Task | D6: Owner | E6: Status | F6: Priority | G6: Duration | H6: Start | I6: End | J6: Progress | K6: Predecessor | L6: Evidence / Exit Proof | M6: Notes | N6: 46174.708 | O6: 46181.708 | P6: 46188.708 | Q6: 46195.708 | R6: 46202.708 | S6: 46209.708 | T6: 46216.708 | U6: 46223.708 | V6: 46230.708 | W6: 46237.708 | X6: 46244.708 | Y6: 46251.708 | Z6: 46258.708 | AA6: 46265.708 | AB6: 46272.708 | AC6: 46279.708 | AD6: 46286.708 | AE6: 46293.708 | AF6: 46300.708 | AG6: 46307.708 | AH6: 46314.708 | AI6: 46321.708 | AJ6: 46328.75 | AK6: 46335.75 | AL6: 46342.75 | AM6: 46349.75 | AN6: 46356.75 | AO6: 46363.75 | AP6: 46370.75 | AQ6: 46377.75 | AR6: 46384.75
A7: P0-01 | B7: Phase 0 - Repository | C7: Repository organization and documentation baseline | D7: Codex | E7: Complete | F7: High | G7: 5 | H7: 46174.708 | I7: =IF(OR(H7="",G7=""),"",H7+G7-1) -> 46178.708 | J7: 1 | L7: ROADMAP Phase 0 | M7: Completed before hardware bring-up
A8: P1-01 | B8: Phase 1 - Electrical | C8: Inventory and photograph RP23CNC kits and PCB revision (E-16) | D8: Project Owner | E8: Not Started | F8: High | G8: 2 | H8: 46188.708 | I8: =IF(OR(H8="",G8=""),"",H8+G8-1) -> 46189.708 | J8: 0 | L8: Photo + E-16 lab note
A9: P1-02 | B9: Phase 1 - Electrical | C9: Solder and inspect RP23CNC connectors and Ethernet components (E-17) | D9: Project Owner | E9: Not Started | F9: High | G9: 4 | H9: 46190.708 | I9: =IF(OR(H9="",G9=""),"",H9+G9-1) -> 46193.708 | J9: 0 | K9: P1-01 | L9: Photos + continuity results
A10: P1-03 | B10: Phase 1 - Electrical | C10: Identify driver, sensor, and module revisions | D10: Project Owner | E10: Not Started | F10: Medium | G10: 2 | H10: 46190.708 | I10: =IF(OR(H10="",G10=""),"",H10+G10-1) -> 46191.708 | J10: 0 | K10: P1-01 | L10: Component photos
A11: P1-04 | B11: Phase 1 - Electrical | C11: Verify S-120-12 labels, earth continuity, and no-load output (E-11) | D11: Project Owner | E11: Not Started | F11: High | G11: 2 | H11: 46195.708 | I11: =IF(OR(H11="",G11=""),"",H11+G11-1) -> 46196.708 | J11: 0 | K11: P1-02 | L11: E-11 lab note
A12: P1-05 | B12: Phase 1 - Electrical | C12: Measure stepper coil pairs and resistance (E-01) | D12: Project Owner | E12: Not Started | F12: High | G12: 1 | H12: 46197.708 | I12: =IF(OR(H12="",G12=""),"",H12+G12-1) -> 46197.708 | J12: 0 | K12: P1-04 | L12: E-01 results
A13: P1-06 | B13: Phase 1 - Electrical | C13: Document TB6600 switches and verify STEP/DIR behavior (E-02/E-03) | D13: Project Owner | E13: Not Started | F13: High | G13: 3 | H13: 46198.708 | I13: =IF(OR(H13="",G13=""),"",H13+G13-1) -> 46200.708 | J13: 0 | K13: P1-05 | L13: E-02/E-03 results
A14: P1-07 | B14: Phase 1 - Electrical | C14: Characterize N20 actuator current (E-05/E-06) | D14: Project Owner | E14: Not Started | F14: High | G14: 2 | H14: 46202.708 | I14: =IF(OR(H14="",G14=""),"",H14+G14-1) -> 46203.708 | J14: 0 | K14: P1-04 | L14: E-05/E-06 results
A15: P1-08 | B15: Phase 1 - Electrical | C15: Calibrate load cell and characterize HX711 rate/noise (E-07/E-08) | D15: Project Owner | E15: Not Started | F15: High | G15: 4 | H15: 46204.708 | I15: =IF(OR(H15="",G15=""),"",H15+G15-1) -> 46207.708 | J15: 0 | K15: P1-07 | L15: Calibration data
A16: P1-09 | B16: Phase 1 - Electrical | C16: Verify TMAG5273 readings and geometry (E-09) | D16: Project Owner | E16: Not Started | F16: Medium | G16: 2 | H16: 46209.708 | I16: =IF(OR(H16="",G16=""),"",H16+G16-1) -> 46210.708 | J16: 0 | K16: P1-08 | L16: E-09 results
A17: P1-10 | B17: Phase 1 - Electrical | C17: Configure and load-test 6 V buck converter (E-14/E-15) | D17: Project Owner | E17: Not Started | F17: High | G17: 3 | H17: 46211.708 | I17: =IF(OR(H17="",G17=""),"",H17+G17-1) -> 46213.708 | J17: 0 | K17: P1-07 | L17: E-14/E-15 results
A18: P1-11 | B18: Phase 1 - Electrical | C18: Complete power budget, fuses, wire gauges, and wiring evidence | D18: Project Owner | E18: Not Started | F18: High | G18: 4 | H18: 46216.708 | I18: =IF(OR(H18="",G18=""),"",H18+G18-1) -> 46219.708 | J18: 0 | K18: P1-04,P1-10 | L18: BOM + wiring table
A19: P1-GATE | B19: Phase 1 - Electrical | C19: Milestone: electrical characterization gate | D19: Project Owner | E19: Not Started | F19: High | G19: 1 | H19: 46220.708 | I19: =IF(OR(H19="",G19=""),"",H19+G19-1) -> 46220.708 | J19: 0 | K19: P1-11 | L19: Phase 1 checklist | M19: All compatibility gates resolved
A20: P2-01 | B20: Phase 2 - Controller | C20: Build or obtain RP23CNC-compatible grblHAL firmware | D20: Codex | E20: Not Started | F20: High | G20: 5 | H20: 46223.708 | I20: =IF(OR(H20="",G20=""),"",H20+G20-1) -> 46227.708 | J20: 0 | K20: P1-GATE | L20: Build record
A21: P2-02 | B21: Phase 2 - Controller | C21: Archive source commits, board target, plugins, and options | D21: Codex | E21: Not Started | F21: Medium | G21: 2 | H21: 46226.708 | I21: =IF(OR(H21="",G21=""),"",H21+G21-1) -> 46227.708 | J21: 0 | K21: P2-01 | L21: Firmware README
A22: P2-03 | B22: Phase 2 - Controller | C22: Flash board and verify USB/Ethernet communication (F-01) | D22: Project Owner | E22: Not Started | F22: High | G22: 3 | H22: 46230.708 | I22: =IF(OR(H22="",G22=""),"",H22+G22-1) -> 46232.708 | J22: 0 | K22: P2-01 | L22: F-01 result
A23: P2-04 | B23: Phase 2 - Controller | C23: Verify converter parser subset and unpowered STEP/DIR (F-02/F-03) | D23: Project Owner | E23: Not Started | F23: High | G23: 3 | H23: 46233.708 | I23: =IF(OR(H23="",G23=""),"",H23+G23-1) -> 46235.708 | J23: 0 | K23: P2-03 | L23: F-02/F-03 results
A24: P2-05 | B24: Phase 2 - Controller | C24: Verify limit inputs, M3/M5 output, and settings persistence (F-04/F-05/F-06) | D24: Project Owner | E24: Not Started | F24: High | G24: 4 | H24: 46237.708 | I24: =IF(OR(H24="",G24=""),"",H24+G24-1) -> 46240.708 | J24: 0 | K24: P2-04 | L24: F-04 to F-06 results
A25: P2-GATE | B25: Phase 2 - Controller | C25: Milestone: controller baseline gate | D25: Project Owner | E25: Not Started | F25: High | G25: 1 | H25: 46241.708 | I25: =IF(OR(H25="",G25=""),"",H25+G25-1) -> 46241.708 | J25: 0 | K25: P2-05 | L25: Phase 2 checklist
A26: P3-01 | B26: Phase 3 - Single Axis | C26: Configure one TB6600 and connect motor without mechanics | D26: Project Owner | E26: Not Started | F26: High | G26: 2 | H26: 46244.708 | I26: =IF(OR(H26="",G26=""),"",H26+G26-1) -> 46245.708 | J26: 0 | K26: P2-GATE | L26: Configuration record
A27: P3-02 | B27: Phase 3 - Single Axis | C27: Complete low-speed jog and temperature test (M-01) | D27: Project Owner | E27: Not Started | F27: High | G27: 2 | H27: 46246.708 | I27: =IF(OR(H27="",G27=""),"",H27+G27-1) -> 46247.708 | J27: 0 | K27: P3-01 | L27: M-01 result
A28: P3-03 | B28: Phase 3 - Single Axis | C28: Ramp rate/acceleration and set conservative margin (M-02) | D28: Project Owner | E28: Not Started | F28: High | G28: 3 | H28: 46248.708 | I28: =IF(OR(H28="",G28=""),"",H28+G28-1) -> 46250.708 | J28: 0 | K28: P3-02 | L28: M-02 result
A29: P3-04 | B29: Phase 3 - Single Axis | C29: Install and verify home/limit switch | D29: Project Owner | E29: Not Started | F29: Medium | G29: 2 | H29: 46253.708 | I29: =IF(OR(H29="",G29=""),"",H29+G29-1) -> 46254.708 | J29: 0 | K29: P3-03 | L29: Switch test
A30: P3-GATE | B30: Phase 3 - Single Axis | C30: Milestone: single-axis motion gate | D30: Project Owner | E30: Not Started | F30: High | G30: 1 | H30: 46255.708 | I30: =IF(OR(H30="",G30=""),"",H30+G30-1) -> 46255.708 | J30: 0 | K30: P3-04 | L30: Phase 3 checklist
A31: P4-01 | B31: Phase 4 - Three Axis | C31: Bring up X, Y, and A motors and drivers | D31: Project Owner | E31: Not Started | F31: High | G31: 4 | H31: 46258.708 | I31: =IF(OR(H31="",G31=""),"",H31+G31-1) -> 46261.708 | J31: 0 | K31: P3-GATE | L31: Bring-up notes
... A55: P7-GATE | B55: Phase 7 - Validation | C55: Milestone: project validation and report complete | D55: Project Owner | E55: Not Started | F55: High | G55: 1 | H55: 46385.75 | I55: =IF(OR(H55="",G55=""),"",H55+G55-1) -> 46385.75 | J55: 0 | K55: P7-05 | L55: Phase 7 checklist

Sheet Lists
A1: Status | B1: Priority | C1: Owner
A2: Not Started | B2: High | C2: Project Owner
A3: In Progress | B3: Medium | C3: Codex
A4: Blocked | B4: Low | C4: Shared
A5: Complete
